{
  "instance_min_count": 1,
  "instance_max_count": 10,
  "scaling_rules": [
    {
      "metric_type": "cpu",
      "stat_window_secs": 300,
      "breach_duration_secs": 120,
      "threshold": 75,
      "operator": ">",
      "adjustment": "+1",
      "cool_down_secs": 300
    },
    {
      "metric_type": "memoryused",
      "stat_window_secs": 300,
      "breach_duration_secs": 120,
      "threshold": 80,
      "operator": ">",
      "adjustment": "+1",
      "cool_down_secs": 300
    },
    {
      "metric_type": "cpu",
      "stat_window_secs": 300,
      "breach_duration_secs": 180,
      "threshold": 25,
      "operator": "<",
      "adjustment": "-1",
      "cool_down_secs": 300
    }
  ]
}